{
  "matrix": [
    [
      4901.281223520102,
      0.0,
      1011.874435404625
    ],
    [
      0.0,
      4908.347705596177,
      658.928340524502
    ],
    [
      0.0,
      0.0,
      1.0
    ]
  ],
  "distortion": [
    -0.07956681024965664,
    -6.28563233497865,
    -0.004872837295481086,
    -0.0005251605928193938,
    75.11449604810315
  ]
}